short_ref,reference_short,reference,,
"Abram et al., 2011","Abram et al., 2011","Abram, N. J.,  R. Mulvaney, and  C. Arrowsmith (2011), Environmental signals in a highly resolved ice core from James Ross Island, Antarctica, J. Geophys. Res., 116, D20116, doi:10.1029/2011JD016147.",,
"Agosta et al., 2011","Agosta et al., 2011","Agosta, C., Favier, V., Genthon, C., Gallée, H., Krinner, G.,Lenaerts, J. T. M., and van den Broeke, M. R.: A 40-year accumulation dataset for Adelie Land, Antarctica and its applicationfor model validation, Clim. Dynam., 38, 75–86,https://doi.org/10.1007/s00382-011-1103-4, 2012.",,
"Anschutz et al., 2009","Anschutz et al., 2009","Anschütz, H., Mueller, K., Isaksson, E., McConnell, J. R., Fischer,H., Miller, H., Albert, M., and Winther, J.-G.: Revisiting sites ofthe South Pole Queen Maud Land Traverses in East Antarctica:Accumulation data from shallow firn cores, J. Geophys. Res.,114, D24106, https://doi.org/10.1029/2009JD012204, 2009.",,
"Anschutz et al., 2011","Anschutz et al., 2011","Anschütz, H., Sinisalo, A., Isaksson, E., McConnell, J. R., Hamran,S.-E., Bisiaux, M. M., Pasteris, D., Neumann, T. A., andWinther, J.-G.: Variation of accumulation rates over the lasteight centuries on the East Antarctic Plateau derived from volcanicsignals in ice cores, J. Geophys. Res., 116, D20103,https://doi.org/10.1029/2011JD015753, 2011.",,
"Anschutz et al.,  2011","Anschutz et al., 2011","Anschütz, H., Sinisalo, A., Isaksson, E., McConnell, J. R., Hamran,S.-E., Bisiaux, M. M., Pasteris, D., Neumann, T. A., andWinther, J.-G.: Variation of accumulation rates over the lasteight centuries on the East Antarctic Plateau derived from volcanicsignals in ice cores, J. Geophys. Res., 116, D20103,https://doi.org/10.1029/2011JD015753, 2011.",,
"Anschutz et al., 2011","Anschutz et al., 2011","Anschütz, H., Sinisalo, A., Isaksson, E., McConnell, J. R., Hamran,S.-E., Bisiaux, M. M., Pasteris, D., Neumann, T. A., andWinther, J.-G.: Variation of accumulation rates over the lasteight centuries on the East Antarctic Plateau derived from volcanicsignals in ice cores, J. Geophys. Res., 116, D20103,https://doi.org/10.1029/2011JD015753, 2011.",,
"Aristarain et al., 1982","Aristarain et al., 1982","Aristarain, A. J., Delmas, R. J., Briat, M.. 1982. Snow chemistry on James Ross Island (Antarctic Peninsula). J. Geophys. Res., 87 (C13), 11,004–11,012.",,
Aristarain et al. 1987,"Aristarain et al., 1987","Aristarain, A. J. , J. F. Pinglot , and M. Pourchet . 1987. Accumulation and temperature measurements on the James Ross Island, Antarctic Peninsula, Antarctica. Journal of Glaciology 33:385–407.",,
"Aristarain et al., 1987","Aristarain et al., 1987","Aristarain, A. J. , J. F. Pinglot , and M. Pourchet . 1987. Accumulation and temperature measurements on the James Ross Island, Antarctic Peninsula, Antarctica. Journal of Glaciology 33:385–407.",,
"Aristarain et al., 2004","Aristarain et al., 2004","Aristarain, A., Delmas, D., Stievenard, S.: Ice-core study of the link between sea-salt aerosol, sea-ice cover and climate in the Antarctic Peninsula area, Climatic Change, https://link.springer.com/article/10.1007/s10584-004-0708-6, 2004.",,
"Baeza et al., 1996","Baeza et al., 1996","Baeza, B., Del, D., Jimenez, J., Miro, M.: Recent evolution of the overall radioactive levels in the ice of Livingston Island (Antarctica), Applied radiation and …, https://www.sciencedirect.com/science/article/pii/0969804396000334, 1996.",,
"Banta et al., 2007","Banta et al., 2008","Banta, B., McConnell, M., Frey, F.: Spatial and temporal variability in snow accumulation at the West Antarctic Ice Sheet Divide over recent centuries, Journal of …, https://agupubs.onlinelibrary.wiley.com/doi/abs/10.1029/2008JD010235, 2008.",,
"Banta et al., 2008","Banta et al., 2008","Banta, B., McConnell, M., Frey, F.: Spatial and temporal variability in snow accumulation at the West Antarctic Ice Sheet Divide over recent centuries, Journal of …, https://agupubs.onlinelibrary.wiley.com/doi/abs/10.1029/2008JD010235, 2008.",,
"Bertler et al., submitted","Bertler et al., 2018.","Bertler, N. A. N., Conway, H., Dahl-Jensen, D., Emanuelsson, D. B., Winstrup, M., Vallelonga, P. T., Lee, J. E., Brook, E. J., Severinghaus, J. P., Fudge, T. J., Keller, E. D., Baisden, W. T., Hindmarsh, R. C. A., Neff, P. D., Blunier, T., Edwards, R., Mayewski, P. A., Kipfstuhl, S., Buizert, C., Canessa, S., Dadic, R., Kjær, H. A., Kurbatov, A., Zhang, D., Waddington, E. D., Baccolo, G., Beers, T., Brightley, H. J., Carter, L., Clemens-Sewall, D., Ciobanu, V. G., Delmonte, B., Eling, L., Ellis, A., Ganesh, S., Golledge, N. R., Haines, S., Handley, M., Hawley, R. L., Hogan, C. M., Johnson, K. M., Korotkikh, E., Lowry, D. P., Mandeno, D., McKay, R. M., Menking, J. A., Naish, T. R., Noerling, C., Ollive, A., Orsi, A., Proemse, B. C., Pyne, A. R., Pyne, R. L., Renwick, J., Scherer, R. P., Semper, S., Simonsen, M., Sneed, S. B., Steig, E. J., Tuohy, A., Venugopal, A. U., Valero-Delgado, F., Venkatesh, J., Wang, F., Wang, S., Winski, D. A., Winton, V. H. L., Whiteford, A., Xiao, C., Yang, J., and Zhang, X.: The Ross Sea Dipole – temperature, snow accumulation and sea ice variability in the Ross Sea region, Antarctica, over the past 2700 years, Clim. Past, 14, 193–214, https://doi.org/10.5194/cp-14-193-2018, 2018.",,
"Bertler et al., 2019","Bertler et al., 2018.","Bertler, N. A. N., Conway, H., Dahl-Jensen, D., Emanuelsson, D. B., Winstrup, M., Vallelonga, P. T., Lee, J. E., Brook, E. J., Severinghaus, J. P., Fudge, T. J., Keller, E. D., Baisden, W. T., Hindmarsh, R. C. A., Neff, P. D., Blunier, T., Edwards, R., Mayewski, P. A., Kipfstuhl, S., Buizert, C., Canessa, S., Dadic, R., Kjær, H. A., Kurbatov, A., Zhang, D., Waddington, E. D., Baccolo, G., Beers, T., Brightley, H. J., Carter, L., Clemens-Sewall, D., Ciobanu, V. G., Delmonte, B., Eling, L., Ellis, A., Ganesh, S., Golledge, N. R., Haines, S., Handley, M., Hawley, R. L., Hogan, C. M., Johnson, K. M., Korotkikh, E., Lowry, D. P., Mandeno, D., McKay, R. M., Menking, J. A., Naish, T. R., Noerling, C., Ollive, A., Orsi, A., Proemse, B. C., Pyne, A. R., Pyne, R. L., Renwick, J., Scherer, R. P., Semper, S., Simonsen, M., Sneed, S. B., Steig, E. J., Tuohy, A., Venugopal, A. U., Valero-Delgado, F., Venkatesh, J., Wang, F., Wang, S., Winski, D. A., Winton, V. H. L., Whiteford, A., Xiao, C., Yang, J., and Zhang, X.: The Ross Sea Dipole – temperature, snow accumulation and sea ice variability in the Ross Sea region, Antarctica, over the past 2700 years, Clim. Past, 14, 193–214, https://doi.org/10.5194/cp-14-193-2018, 2018.",,
"Bishop and Walton, 1981","Bishop and Walton, 1981","Bishop, B., Walton, W.: Bottom melting under George VI Ice Shelf, Antarctica, Journal of Glaciology, https://www.cambridge.org/core/journals/journal-of-glaciology/article/bottom-melting-under-george-vi-ice-shelf-antarctica/644FCAECDEB37EB526F41512A09A2078, 1981.",,
"Bliss et al, 2011","Bliss et al, 2011","Bliss, B.: Ablation on Taylor Glacier, Antarctica, NA, https://search.proquest.com/openview/42f9a0d3d4068a35cd53d7a52c204c9f/1?pq-origsite=gscholar&cbl=18750, 2011.",,
"Boutron and Lorius, 1977; Mulvaney and Wolff, 1994","Boutron and Lorius, 1977; Mulvaney and Wolff, 1994","Mulvaney R, Wolff EW. Spatial variability of the major chemistry of the Antarctic ice sheet. Annals of Glaciology. 1994;20:440-447. doi:10.3189/1994AoG20-1-440-447","Boutron, C., Lorius, C.. 1977. Trace element content in East Antarctica snow samples. International Association of Hydrological sciences Publication 118 (Symposium at Grenoble, 1975-Isotopes and impurities in snow and ice), 164–171",
"Boutron and Lorius, 1977; Mulvaney and Wolff, 1995","Boutron and Lorius, 1977; Mulvaney and Wolff, 1994","Mulvaney R, Wolff EW. Spatial variability of the major chemistry of the Antarctic ice sheet. Annals of Glaciology. 1994;20:440-447. doi:10.3189/1994AoG20-1-440-447","Boutron, C., Lorius, C.. 1977. Trace element content in East Antarctica snow samples. International Association of Hydrological sciences Publication 118 (Symposium at Grenoble, 1975-Isotopes and impurities in snow and ice), 164–171",
"Boutron and Lorius, 1977; Mulvaney and Wolff, 1996","Boutron and Lorius, 1977; Mulvaney and Wolff, 1994","Mulvaney R, Wolff EW. Spatial variability of the major chemistry of the Antarctic ice sheet. Annals of Glaciology. 1994;20:440-447. doi:10.3189/1994AoG20-1-440-447","Boutron, C., Lorius, C.. 1977. Trace element content in East Antarctica snow samples. International Association of Hydrological sciences Publication 118 (Symposium at Grenoble, 1975-Isotopes and impurities in snow and ice), 164–171",
"Boutron and Lorius, 1977; Mulvaney and Wolff, 1997","Boutron and Lorius, 1977; Mulvaney and Wolff, 1994","Mulvaney R, Wolff EW. Spatial variability of the major chemistry of the Antarctic ice sheet. Annals of Glaciology. 1994;20:440-447. doi:10.3189/1994AoG20-1-440-447","Boutron, C., Lorius, C.. 1977. Trace element content in East Antarctica snow samples. International Association of Hydrological sciences Publication 118 (Symposium at Grenoble, 1975-Isotopes and impurities in snow and ice), 164–171",
"Boutron and Lorius, 1977; Mulvaney and Wolff, 1998","Boutron and Lorius, 1977; Mulvaney and Wolff, 1994","Mulvaney R, Wolff EW. Spatial variability of the major chemistry of the Antarctic ice sheet. Annals of Glaciology. 1994;20:440-447. doi:10.3189/1994AoG20-1-440-447","Boutron, C., Lorius, C.. 1977. Trace element content in East Antarctica snow samples. International Association of Hydrological sciences Publication 118 (Symposium at Grenoble, 1975-Isotopes and impurities in snow and ice), 164–171",
"Boutron and Lorius, 1977; Mulvaney and Wolff, 1999","Boutron and Lorius, 1977; Mulvaney and Wolff, 1994","Mulvaney R, Wolff EW. Spatial variability of the major chemistry of the Antarctic ice sheet. Annals of Glaciology. 1994;20:440-447. doi:10.3189/1994AoG20-1-440-447","Boutron, C., Lorius, C.. 1977. Trace element content in East Antarctica snow samples. International Association of Hydrological sciences Publication 118 (Symposium at Grenoble, 1975-Isotopes and impurities in snow and ice), 164–171",
"Boutron and Lorius, 1977; Mulvaney and Wolff, 2000","Boutron and Lorius, 1977; Mulvaney and Wolff, 1994","Mulvaney R, Wolff EW. Spatial variability of the major chemistry of the Antarctic ice sheet. Annals of Glaciology. 1994;20:440-447. doi:10.3189/1994AoG20-1-440-447","Boutron, C., Lorius, C.. 1977. Trace element content in East Antarctica snow samples. International Association of Hydrological sciences Publication 118 (Symposium at Grenoble, 1975-Isotopes and impurities in snow and ice), 164–171",
"Boutron and Lorius, 1977; Mulvaney and Wolff, 2001","Boutron and Lorius, 1977; Mulvaney and Wolff, 1994","Mulvaney R, Wolff EW. Spatial variability of the major chemistry of the Antarctic ice sheet. Annals of Glaciology. 1994;20:440-447. doi:10.3189/1994AoG20-1-440-447","Boutron, C., Lorius, C.. 1977. Trace element content in East Antarctica snow samples. International Association of Hydrological sciences Publication 118 (Symposium at Grenoble, 1975-Isotopes and impurities in snow and ice), 164–171",
"Boutron and Lorius, 1977; Mulvaney and Wolff, 2002","Boutron and Lorius, 1977; Mulvaney and Wolff, 1994","Mulvaney R, Wolff EW. Spatial variability of the major chemistry of the Antarctic ice sheet. Annals of Glaciology. 1994;20:440-447. doi:10.3189/1994AoG20-1-440-447","Boutron, C., Lorius, C.. 1977. Trace element content in East Antarctica snow samples. International Association of Hydrological sciences Publication 118 (Symposium at Grenoble, 1975-Isotopes and impurities in snow and ice), 164–171",
"Boutron and Lorius, 1977; Mulvaney and Wolff, 2003","Boutron and Lorius, 1977; Mulvaney and Wolff, 1994","Mulvaney R, Wolff EW. Spatial variability of the major chemistry of the Antarctic ice sheet. Annals of Glaciology. 1994;20:440-447. doi:10.3189/1994AoG20-1-440-447","Boutron, C., Lorius, C.. 1977. Trace element content in East Antarctica snow samples. International Association of Hydrological sciences Publication 118 (Symposium at Grenoble, 1975-Isotopes and impurities in snow and ice), 164–171",
"Brecher, 1967","Brecher, 1967","Brecher HH. Accumulation between Mount Chapman and “Byrd” station, Antarctica. Journal of Glaciology. 1967;6(48):959-960. doi:10.3189/S0022143000020347",,
"Brunk, 1986","Brunk, 1986","Brunk, K; Staiger, R (1986): Nachmessungen an Pegeln auf einem Blaueisfeld im Borgmassiv, Neuschwabenland, Antarktis. Polarforschung, 56(1/2), 23-32, hdl:10013/epic.29570.d001",,
Budd 1963,Budd 1963,,,
"Budd, 1982","Budd, 1982","Budd, W. F., Corry, M. J., & Jacka, T. H. (1982). Results From The Amery Ice Shelf Project. Annals of Glaciology, 3, 36–41. doi:10.3189/S0260305500002494",,
"Budner and Cole-Dai, 2003","Budner and Cole-Dai, 2003","Budner, D., and J. Cole-Dai (2003), The number and magnitude of large explosive volcanic eruptions between 904 and 1865 A.D.: Quantitative evidence from a new South Pole ice core, in Volcanism and the Earth's Atmosphere, edited by A. Robock, and C. Oppenheimer, pp. 165–176, AGU, Washington, D. C.",,
"Bull, 1971; Crary et al., 1962","Bull, 1971; Crary et al., 1962","Bull, C., Snow accumulation in Antarctica, in Research in the Antarctic,  edited by L. o. Quam, pp. 367-421, Am. Assn. Advancement of Science, Washington, D.C., 1971. ","Crary, A. P., H. F. Bennett, E. S. Robinson, and w. W. Boyd, Glaciological studies of the Ross rce Shelf, Antarctica, 1957-60, IGY Glaciol. Rep.,§, 193 pp., 1962.",
"Burgener et al.,2013","Burgener et al.,2013","Burgener, L., et al. (2013), An observed negative trend in West Antarctic accumulation rates from 1975 to 2010: Evidence from new observed and simulated records, J. Geophys. Res. Atmos., 118, 4205–4216, doi:10.1002/jgrd.50362.",,
"Clausen et al., 1979","Clausen et al., 1979","Clausen, C., Dansgaard, D., Nielsen, N.: Surface accumulation on Ross Ice Shelf, Antarctic Journal of …, http://s3.amazonaws.com/Antarctica/AJUS/AJUSvXIVn5/AJUSvXIVn5p68.pdf, 1979.",,
"Cole-Dai et al., 2000","Cole-Dai et al., 2000","Cole-Dai, J., E. Mosley-Thompson, S. P. Wight, and L. G. Thompson, A 4100-year record of explosive volcanism from an east Antarctica ice core, J. Geophys. Res.,  105(D19),  24,431–24,441, 2000.",,
"Dattler et al., 2019","Dattler et al., 2019","Dattler, M. E., Lenaerts, J. T. M., and Medley, B.: Significant spatial variability in radar-derived West Antarctic accumulation linked to surface winds and topography, Geophys. Res. Lett., 46, 126–134, https://doi.org/10.1029/2019GL085363, 2019.",,
"Dattler et al., 2019","Dattler et al., 2019","Dattler, M. E., Lenaerts, J. T. M., and Medley, B.: Significant spatial variability in radar-derived West Antarctic accumulation linked to surface winds and topography, Geophys. Res. Lett., 46, 126–134, https://doi.org/10.1029/2019GL085363, 2019.",,
"Ding et al., 2011","Ding et al., 2011","Ding, M., Xiao, C., Li, Y., Ren, J., Hou, S., Jin, B., and Sun, B.: Spatial variability of surface mass balance along a traverse route from Zhongshan station to Dome A, Antarctica, J. Glaciol., 57, 658–666, https://doi.org/10.3189/002214311797409820, 2011.",,
"Ding et al., 2011","Ding et al., 2011","Ding, M., Xiao, C., Li, Y., Ren, J., Hou, S., Jin, B., and Sun, B.: Spatial variability of surface mass balance along a traverse route from Zhongshan station to Dome A, Antarctica, J. Glaciol., 57, 658–666, https://doi.org/10.3189/002214311797409820, 2011.",,
"Ding et al., 2011","Ding et al., 2011","Ding, M., Xiao, C., Li, Y., Ren, J., Hou, S., Jin, B., and Sun, B.: Spatial variability of surface mass balance along a traverse route from Zhongshan station to Dome A, Antarctica, J. Glaciol., 57, 658–666, https://doi.org/10.3189/002214311797409820, 2011.",,
"Ding et al., 2017","Ding et al., 2017","Ding, M., Xiao, W., Xiao, C., Yang, J., Zhang, D., Li, R., and Zhang, T.: The snowfall history of Lambert Glacier basin during the past 300 years inferred from an ice core at LGB69, East Antarctica, 37, 1111–1118, https://doi.org/10.11928/j.issn.1001-7410.2017.05.18, 2017 (in Chinese).",,
"Ding et al., 2017","Ding et al., 2017","Ding, M., Xiao, W., Xiao, C., Yang, J., Zhang, D., Li, R., and Zhang, T.: The snowfall history of Lambert Glacier basin during the past 300 years inferred from an ice core at LGB69, East Antarctica, 37, 1111–1118, https://doi.org/10.11928/j.issn.1001-7410.2017.05.18, 2017 (in Chinese).",,
"DomeF Coring Group, 1998","Dome-F Coring Group, 1998","Dome-F Deep Coring Group. Deep ice-core drilling at Dome Fuji and glaciological studies in east Dronning Maud Land, Antarctica. Annals of Glaciology. 1998;27:333-337. doi:10.3189/1998AoG27-1-333-337",,
"Eicken, 1994","Eicken, 1994",,,
"Ekaykin et al., 2000","Ekaykin et al., 2000","Ekaykin et al., 2000",,
"Ekaykin et al., 2002","Ekaykin et al., 2002","Ekaykin, A., Lipenkov, V. Y., Barkov, N. I., Petit, J. R., & Masson‐Delmotte, V. (2002). Spatial and temporal variability in isotope composition of recent snow in the vicinity of vostok station, antarctica: implications for ice-core record interpretation. Annals of Glaciology, 35, 181-186. https://doi.org/10.3189/172756402781816726",,
"Ekaykin et al., 2014","Ekaykin et al., 2014","Ekaykin, A. A., Kozachek, A. V., Lipenkov, V. Y., and Shibaev, Y. A.: Multiple climate shifts in the Southern Hemisphere over the past three centuries based on central Antarctic snow pits and core studies, Ann. Glaciol., 55, 259–266, https://doi.org/10.3189/201AoG66A189, 2014. ",,
"Ekaykin et al., 2016","Ekaykin et al., 2016","Ekaykin, A., Eberlein, L., Lipenkov, V., Popov, S., Scheinert, M., Schröder, L., and Turkeev, A.: Non-climatic signal in ice core records: lessons from Antarctic megadunes, The Cryosphere, 10, 1217–1227, https://doi.org/10.5194/tc-10-1217-2016, 2016.",,
"Ekaykin et al., 2017","Ekaykin et al., 2017","Ekaykin, A. A., Vladimirova, D. O., Lipenkov, V. Y., and Masson-Delmotte, V.: Climatic variability in Princess Elizabeth Land (East Antarctica) over the last 350 years, Clim. Past, 13, 61–71, https://doi.org/10.5194/cp-13-61-2017, 2017.",,
"Fernandoy et al., 2010","Fernandoy et al., 2010","Fernandoy, F et al. (2010): Temporal and Spatial variation of stable-isotope ratios and accumulation rates in the hinterland of Neumayer station, East Antarctica. Journal of Glaciology, 56(198), 673-687, https://doi.org/10.3189/002214310793146296",,
"Fernandoy et al.,2010","Fernandoy et al., 2010","Fernandoy, F et al. (2010): Temporal and Spatial variation of stable-isotope ratios and accumulation rates in the hinterland of Neumayer station, East Antarctica. Journal of Glaciology, 56(198), 673-687, https://doi.org/10.3189/002214310793146296",,
"Frezzotti et al., 2004","Frezzotti et al., 2004","Frezzotti, F., Pourchet, P., Flora, F., Gandolfi, G., Gay, G.: New estimations of precipitation and surface sublimation in East Antarctica from snow accumulation measurements, Climate Dynamics, https://link.springer.com/article/10.1007/s00382-004-0462-5, 2004.",,
"Frezzotti et al., 2004; 2007","Frezzotti et al., 2004; 2007","Frezzotti, F., Pourchet, P., Flora, F., Gandolfi, G., Gay, G.: New estimations of precipitation and surface sublimation in East Antarctica from snow accumulation measurements, Climate Dynamics, https://link.springer.com/article/10.1007/s00382-004-0462-5, 2004.","Frezzotti, M., Urbini, S., Proposito, M., Scarchilli, C., & Gandolfi, S. (2007). Spatial and temporal variability of surface mass balance near Talos Dome, East Antarctica. Journal of Geophysical Research, 112(F2), F02032. https://doi.org/10.1029/2006JF000638",
"Frezzotti et al., 2004; 2013","Frezzotti et al., 2004; 2013","Frezzotti, F., Pourchet, P., Flora, F., Gandolfi, G., Gay, G.: New estimations of precipitation and surface sublimation in East Antarctica from snow accumulation measurements, Climate Dynamics, https://link.springer.com/article/10.1007/s00382-004-0462-5, 2004.","Frezzotti, M., Scarchilli, C., Becagli, S., Proposito, M., and Urbini, S.: A synthesis of the Antarctic surface mass balance during the last 800 yr, The Cryosphere, 7, 303–319, https://doi.org/10.5194/tc-7-303-2013, 2013.",
"Frezzotti et al., 2004; 2014","Frezzotti et al., 2004; 2014","Frezzotti, F., Pourchet, P., Flora, F., Gandolfi, G., Gay, G.: New estimations of precipitation and surface sublimation in East Antarctica from snow accumulation measurements, Climate Dynamics, https://link.springer.com/article/10.1007/s00382-004-0462-5, 2004.",,
"Frezzotti et al., 2005","Frezzotti et al., 2005","Frezzotti, M., Pourchet, M., Flora, O., Gandolfi, S., Gay, M., Urbini, S., Vincent, C., Becagli, S., Gragnani, R., Proposito, M., Severi, M., Traversi, R., Udisti, R., and Fily, M.: Spatial and temporal variability of snow accumulation in East Antarctica from traverse data, J. Glaciol., 51, 113–124, https://doi.org/10.3189/172756505781829502, 2005.",,
"Frezzotti et al., 2005","Frezzotti et al., 2005","Frezzotti, M., Pourchet, M., Flora, O., Gandolfi, S., Gay, M., Urbini, S., Vincent, C., Becagli, S., Gragnani, R., Proposito, M., Severi, M., Traversi, R., Udisti, R., and Fily, M.: Spatial and temporal variability of snow accumulation in East Antarctica from traverse data, J. Glaciol., 51, 113–124, https://doi.org/10.3189/172756505781829502, 2005.",,
"Frezzotti et al., 2007","Frezzotti et al., 2007","Frezzotti, M., Urbini, S., Proposito, M., Scarchilli, C., and Gandolfi, S.: Spatial and temporal variability of surface mass balance near Talos Dome, East Antarctica, J. Geophys. Res., 112, F02032, https://doi.org/10.1029/2006JF000638, 2007.",,
"Frezzotti et al., 2007","Frezzotti et al., 2007","Frezzotti, M., Urbini, S., Proposito, M., Scarchilli, C., and Gandolfi, S.: Spatial and temporal variability of surface mass balance near Talos Dome, East Antarctica, J. Geophys. Res., 112, F02032, https://doi.org/10.1029/2006JF000638, 2007.",,
"Frezzotti et al., 2013","Frezzotti et al., 2013","Frezzotti, M., Scarchilli, C., Becagli, S., Proposito, M., and Urbini, S.: A synthesis of the Antarctic surface mass balance during the last 800 yr, The Cryosphere, 7, 303–319, https://doi.org/10.5194/tc-7-303-2013, 2013.",,
"Fudge et al., 2016","Fudge et al., 2016","Fudge, F., Markle, M., Cuffey, C.: Variable relationship between accumulation and temperature in West Antarctica for the past 31,000 years, Geophysical …, https://agupubs.onlinelibrary.wiley.com/doi/abs/10.1002/2016GL068356, 2016.",,
"Fujita and others, The Cryosphere, 2011","Fujita et al., 2011","Fujita, S., Holmlund, P., Andersson, I., Brown, I., Enomoto, H., Fujii, Y., Fujita, K., Fukui, K., Furukawa, T., Hansson, M., Hara, K., Hoshina, Y., Igarashi, M., Iizuka, Y., Imura, S., Ingvander, S., Karlin, T., Motoyama, H., Nakazawa, F., Oerter, H., Sjöberg, L. E., Sugiyama, S., Surdyk, S., Ström, J., Uemura, R., and Wilhelms, F.: Spatial and temporal variability of snow accumulation rate on the East Antarctic ice divide between Dome Fuji and EPICA DML, The Cryosphere, 5, 1057–1081, https://doi.org/10.5194/tc-5-1057-2011, 2011.",,
"Fujita et al., 2011","Fujita et al., 2011","Fujita, S., Holmlund, P., Andersson, I., Brown, I., Enomoto, H., Fujii, Y., Fujita, K., Fukui, K., Furukawa, T., Hansson, M., Hara, K., Hoshina, Y., Igarashi, M., Iizuka, Y., Imura, S., Ingvander, S., Karlin, T., Motoyama, H., Nakazawa, F., Oerter, H., Sjöberg, L. E., Sugiyama, S., Surdyk, S., Ström, J., Uemura, R., and Wilhelms, F.: Spatial and temporal variability of snow accumulation rate on the East Antarctic ice divide between Dome Fuji and EPICA DML, The Cryosphere, 5, 1057–1081, https://doi.org/10.5194/tc-5-1057-2011, 2011.",,
"JARE reports (2,4,5);  Fujiwara and Endo, 1971","Fujiwara and Endo, 1971","Fujiwara, K. and Endo, Y.: Traverse Syowa-South Pole 1968–1969, JARE Scientific Tokyo, Reports, Special Issue, No. 2, 68–109, National Institute of Polar Research, Tokyo, 1971.",,
"Giovinetto, 1960","Giovinetto, 1960","Giovinetto, M. B. (1960), Glaciology report for 1958, South Pole Station, Res. Found. Rep. 825-2 IV, Ohio State Univ., Columbus.",,
Glacioclim-BELARE,Glacioclim-BELARE,"Favier, V., Agosta, C., Parouty, S., Durand, G., Delaygue, G., Gallée, H., Drouet, A.-S., Trouvilliez, A., and Krinner, G.: An updated and quality controlled surface mass balance dataset for Antarctica, The Cryosphere, 7, 583–597, https://doi.org/10.5194/tc-7-583-2013, 2013.",,
"Goodwin et al., 1988; Jones et al., 1985","Goodwin et al., 1988; Jones et al., 1985","Goodwin, I. D. (1988), Ice sheet topography and surface characteristics in Eastern Wilkes Land, East Antarctica, ANARE Res. Notes 64, 100 pp., Antarct. Div., Kingston, Tas., Australia.","Jones D., Hendy M. (1985) Glaciological measurements in eastern Wilkes Land, Antarctica. , Jacka T.H. (ed.) ANARE Research Notes  28 . 164-173 ;",
"Goodwin et al., 1994","Goodwin et al., 1994",,,
"Goodwin et al., 2016","Goodwin et al., 2016","Goodwin, B. P., Mosley-Thompson, E., Wilson, A. B., Porter, S. E., and Sierra-Hernandez, M. R.: Accumulation Variability in the Antarctic Peninsula: The Role of Large-Scale Atmospheric Oscillations and Their Interactions, J. Climate, 29, 2579–2596, 2016.",,
"Goodwin, 1988","Goodwin, 1988","Goodwin, I. D. (1988), Ice sheet topography and surface characteristics in Eastern Wilkes Land, East Antarctica, ANARE Res. Notes 64, 100 pp., Antarct. Div., Kingston, Tas., Australia.",,
"Goodwin, 1995","Goodwin, 1995",,,
"Gow, 1972","Gow, 1972","Gow AJ, de Blander F, Crozaz G, Picciotto E. Snow Accumulation at “Byrd” Station, Antarctica. Journal of Glaciology. 1972;11(61):59-64. doi:10.3189/S0022143000022498",,
Graf et al. 1994,Graf et al. 1994,"Graf, W., H. Moser, O. Reinwarth, J. Kipfstuhl, H. Oerter, A. Minikin, and D. Wagenbach, Snow-accumulation rates and isotopic content (H2, H3) of near surface firn from the Filchner-Ronne Ice Shelf, Antarctica, Ann. Glaciol., 20, 121–128, 1994.",,
"Graf et al., 2000","Graf et al., 2000","Graf et al., 2000",,
"Graf et al., 2002","Graf et al., 2002","Graf, W et al. (2002): Stable-isotope records from Dronning Maud Land, Antarctica. Annals of Glaciology, 35, 195-201, https://doi.org/10.3189/172756402781816492",,
"Hammer, 1994","Hammer et al., 1994","Hammer, C. U., H. B. Clausen, and C. C. Langway (1994), Electrical conductivity method (ECM) stratigraphic dating of the Byrd Station ice core, Antarctica, Ann. Glaciol., 20, 115–120.",,
"Higham and Craven, 1997","Higham et al., 1997","Higham, H., Craven, C., Ruddell, R., Allison, A.: Snow-accumulation distribution in the interior of the Lambert Glacier basin, Antarctica, Annals of Glaciology, https://www.cambridge.org/core/journals/annals-of-glaciology/article/snowaccumulation-distribution-in-the-interior-of-the-lambert-glacier-basin-antarctica/5341BB15BBDB86D07A4CB628B1A995BF, 1997.",,
"Hoffmann et al., 2020","Hoffmann et al., 2020","Hoffmann, K., Fernandoy, F., Meyer, H., Thomas, E. R., Aliaga, M., Tetzner, D., Freitag, J., Opel, T., Arigony-Neto, J., Göbel, C. F., Jaña, R., Rodríguez Oroz, D., Tuckwell, R., Ludlow, E., McConnell, J. R., and Schneider, C.: Stable water isotopes and accumulation rates in the Union Glacier region, Ellsworth Mountains, West Antarctica, over the last 35 years, The Cryosphere, 14, 881–904, https://doi.org/10.5194/tc-14-881-2020, 2020.",,
Hofstede et al. 2004,Hofstede et al. 2004,"Hofstede, C. M., van de Wal, R. S. W., Kaspers, K. A., van den Broeke, M. R., Karlöf, L., Winther, J. G., Isaksson, E., Lappegard, G., Mulvaney, R., Oerther, H., andWilhelms, F.: Firn accumulation records for the past 1000 years on the basis of dielectric profiling of six firn cores from Dronning Maud Land, Antarctica, J. Glaciol., 50, 279–291, doi:10.3189/172756504781830169, 2004.",,
"Holmlund et al., 2000","Holmlund et al., 2000","Holmlund, H., Gjerde, G., Gundestrup, G.: Spatial gradients in snow layering and 10 m temperatures at two EPICA-Dronning Maud Land (Antarctica) pre-site-survey drill sites, Annals of …, https://www.cambridge.org/core/journals/annals-of-glaciology/article/spatial-gradients-in-snow-layering-and-10-m-temperatures-at-two-epicadronning-maud-land-antarctica-presitesurvey-drill-sites/A3E898F90977BB9D0FE94954E0D3656C, 2000.",,
"Hou et al, 2007","Hou et al, 2007","Hou, H., Li, L., Xiao, X., Ren, R.: Recent accumulation rate at Dome A, Antarctica, Chinese Science Bulletin, https://link.springer.com/article/10.1007/s11434-007-0041-3, 2007.",,
"Igarashi et al.,2011","Igarashi et al.,2011","Igarashi, I., Nakai, N., Motizuki, M., Takahashi, T.: Dating of the Dome Fuji shallow ice core based on a record of volcanic eruptions from AD 1260 to AD 2001, Polar Science, https://doi.org/10.1016/j.polar.2011.08.001, 2011.",,
"Isaksson and KarlÚn, 1994","Isaksson and Karlén, 1994","Isaksson, E., Karlén, W. High resolution climatic information from short firn cores, western Dronning Maud Land, antarctica. Climatic Change 26, 421–434 (1994). https://doi.org/10.1007/BF01094405",,
"Isaksson et al., 1996","Isaksson et al., 1996","Isaksson, E.,  W. Karlén,  N. Gundestrup,  P. Mayewski,  S. Whitlow, and  M. Twickler (1996), A century of accumulation and temperature changes in Dronning Maud Land, Antarctica, J. Geophys. Res., 101(D3), 7085–7094, doi:10.1029/95JD03232.",,
"Isaksson et al., 1999","Isaksson et al., 1999","Isaksson, E., van den Broeke, M., Winther, J., Karlöf, L., Pinglot, J., and Gundestrup, N.: Accumulation and proxytemperature variability in Dronning Maud Land, Antarctica, determined from shallow firn cores, Ann. Glaciol., 29, 17–22, https://doi.org/10.3189/172756499781821445, 1999.",,
"JARE reports (2,4,5);  Fujiwara and Endo, 1971","JARE reports (2,4,5);  Fujiwara and Endo, 1971","JARE reports (2,4,5); Fujiwara and Endo, 1971",,
"Jiawen et al., 1995","Ren et al., 1995","Ren, J. W., D. H. Qin, J. R. Petit, J. Jouzel, W. T. Wang, C. Liu, XJ Wang, S. L. Qian, and X. X. Wang.: Glaciological studies on Nelson Island, South Shetland Islands, Antarctica. Journal of Glaciology, 41(138), 408–412. doi:10.3189/S0022143000016270, 1995.",,
"Jouzel et al., 1983","Jouzel et al., 1983","Jouzel, J., L. Merlivat, J. R. Petit, and C. Lorius, Climatic information over the last century deduced from a detailed isotopic record in the South Pele snow, J. Geophys. Res., 88, 2693-2703, 1983. ",,
"Kaczmarska et al., 2004","Kaczmarska et al., 2004","Kaczmarska M, Isaksson E, Karlöf L, et al. Accumulation variability derived from an ice core from coastal Dronning Maud Land, Antarctica. Annals of Glaciology. 2004;39:339-345. doi:10.3189/172756404781814186",,
"Kameda et al., 2008","Kameda et al., 2008","Kameda, T., Motoyama, H., Fujita, S., and Takahashi S.: Temporal and spatial variability of surface mass balance at Dome Fuji, East Antarctica, by the stake method from 1995 to 2006, J. Glaciol., 54, 107–116, 2008.",,
"Kameda et al., 2008","Kameda et al., 2008","Kameda, T., Motoyama, H., Fujita, S., and Takahashi S.: Temporal and spatial variability of surface mass balance at Dome Fuji, East Antarctica, by the stake method from 1995 to 2006, J. Glaciol., 54, 107–116, 2008.",,
"Kameda et al., 2008; Motoyama et al., 2016","Kameda et al., 2008; Motoyama et al., 2016","Kameda, T., Motoyama, H., Fujita, S., and Takahashi S.: Temporal and spatial variability of surface mass balance at Dome Fuji, East Antarctica, by the stake method from 1995 to 2006, J. Glaciol., 54, 107–116, 2008.","Motoyama et al., 2016",
"Kameda et al., 2008; Motoyama et al., 2016","Kameda et al., 2008; Motoyama et al., 2016","Kameda, T., Motoyama, H., Fujita, S., and Takahashi S.: Temporal and spatial variability of surface mass balance at Dome Fuji, East Antarctica, by the stake method from 1995 to 2006, J. Glaciol., 54, 107–116, 2008.; Motoyama et al., 2016",,
"Kameda, 2008","Kameda, 2008","Kameda, T., Motoyama, H., Fujita, S., & Takahashi, S. (2008). Temporal and spatial variability of surface mass balance at Dome Fuji, East Antarctica, by the stake method from 1995 to 2006. Journal of Glaciology, 54(184), 107–116. doi:10.3189/002214308784409062",,
"Kamiyama et al, 1989","Kamiyama et al, 1989","Kamiyama, K., Ageta, A., Fujii, F.: Atmospheric and depositional environments traced from unique chemical compositions of the snow over an inland high plateau,  Antarctica, J. Geophys. Res.,  94(D15),  18515–18519, doi:10.1029/JD094iD15p18515.",,
Karl÷f et al 2000,"Karlöf et al., 2000","Karlöf, L., et al. (2000), A 1500 year record of accumulation at Amundsenisen western Dronning Maud Land, Antarctica, derived from electrical and radioactive measurements on a 120 m ice core, J. Geophys. Res., 105(D10), 12471–12483, doi:10.1029/1999JD901119.",,
"Karlof et al., 2005","Karlöf et al., 2005","Karlöf, L., Isaksson, E., Winther, J.-G., Gundestrup, N., Meijer, H. A. J., Mulvaney, R., … Van De Wal, R. S. W. (2005). Accumulation variability over a small area in east Dronning Maud Land, Antarctica, as determined from shallow firn cores and snow pits: some implications for ice-core records. Journal of Glaciology, 51(174), 343–352. doi:10.3189/172756505781829232",,
"Kaspari et al., 2004","Kaspari et al., 2004","Kaspari, S., Mayewski, P. A., Dixon, D. A., Spikes, V. B., Sneed, S. B., Handley, M. J., and Hamilton, G. S.: Climate variability in West Antarctica derived from annual accumulation-rate records from ITASE firn/ice cores, Ann. Glaciol., 39, 585–594, https://doi.org/10.3189/172756404781814447, 2004.",,
"Kaspari et al., 2004","Kaspari et al., 2004","Kaspari, S., Mayewski, P. A., Dixon, D. A., Spikes, V. B., Sneed, S. B., Handley, M. J., and Hamilton, G. S.: Climate variability in West Antarctica derived from annual accumulation-rate records from ITASE firn/ice cores, Ann. Glaciol., 39, 585–594, https://doi.org/10.3189/172756404781814447, 2004.",,
"Khodzher et al.,2014","Khodzher et al.,2014","Khodzher, K., Golobokova, G., Osipov, O.: Spatial–temporal dynamics of chemical composition of surface snow in East Antarctica along the Progress station–Vostok station transect, The Cryosphere, https://tc.copernicus.org/articles/8/931/2014/, 2014.",,
"Koide et al., 1979","Koide et al., 1979","Koide, K., Michel, M., Goldberg, G., Herron, H.: Depositional history of artificial radionuclides in the Ross Ice Shelf, Antarctica, Earth and Planetary …, https://www.sciencedirect.com/science/article/pii/0012821X79901699, 1979.",,
"Kreutz et al., 2000","Kreutz et al., 2000","Kreutz, K., Mayewski, M., Pittalwala, P.: Sea level pressure variability in the Amundsen Sea region inferred from a West Antarctic glaciochemical record, Journal of …, https://agupubs.onlinelibrary.wiley.com/doi/abs/10.1029/1999JD901069, 2000.",,
"Langway et al., 1994","Langway et al., 1994","Langway, L., Osada, O., Clausen, C., Hammer, H.: New chemical stratigraphy over the last millennium for Byrd Station, Antarctica, Tellus B, https://onlinelibrary.wiley.com/doi/abs/10.1034/j.1600-0889.1994.00004.x, 1994.",,
"Legrand et al.,  1985","Legrand and Delmas, 1985","Legrand, M. R., Delmas, R. J.. 1985. Spatial and temporal variations of snow chemistry in Terre Adélie East Antarctica., Ann. Glaciol., 7. 20 25",,
"Legrand et al., 1985","Legrand and Delmas, 1985","Legrand, M. R., Delmas, R. J.. 1985. Spatial and temporal variations of snow chemistry in Terre Adélie East Antarctica., Ann. Glaciol., 7. 20 25",,
"Lorius et al., 1968","Lorius et al., 1968","Lorius, C., et al. (1968), Dating of firn layers in Antarctica: Application to the determination of the rate of snow accumulation, paper presented at International Symposium on Antarctic Glaciological Expedition, Int. Counc. of Sci. Unions, Hanover, N. H., 3 – 7 Sept.",,
"Magand et al., 2004","Magand et al., 2004","Magand, M., Frezzotti, F., Pourchet, P., Stenni, S.: Climate variability along latitudinal and longitudinal transects in East Antarctica, Annals of …, https://www.cambridge.org/core/journals/annals-of-glaciology/article/climate-variability-along-latitudinal-and-longitudinal-transects-in-east-antarctica/FC7B2B28844A8272E639D1C5B57AD6F1, 2004.",,
"Magand et al., 2004; Frezzotti et al., 2007","Magand et al., 2004; Frezzotti et al., 2007","Magand et al., 2004; Frezzotti, M., Urbini, S., Proposito, M., Scarchilli, C., and Gandolfi, S.: Spatial and temporal variability of surface mass balance near Talos Dome, East Antarctica, J. Geophys. Res., 112, F02032, https://doi.org/10.1029/2006JF000638, 2007.","Frezzotti, M., Urbini, S., Proposito, M., Scarchilli, C., and Gandolfi, S.: Spatial and temporal variability of surface mass balance near Talos Dome, East Antarctica, J. Geophys. Res., 112, F02032, https://doi.org/10.1029/2006JF000638, 2007.",
"Magand et al., 2004; Frezzotti et al., 2007","Magand et al., 2004; Frezzotti et al., 2007","Magand et al., 2004; Frezzotti, M., Urbini, S., Proposito, M., Scarchilli, C., and Gandolfi, S.: Spatial and temporal variability of surface mass balance near Talos Dome, East Antarctica, J. Geophys. Res., 112, F02032, https://doi.org/10.1029/2006JF000638, 2007.",,
"Magand et al., 2004; Frezzotti et al., 2007","Magand et al., 2004; Frezzotti et al., 2007","Magand et al., 2004; Frezzotti, M., Urbini, S., Proposito, M., Scarchilli, C., and Gandolfi, S.: Spatial and temporal variability of surface mass balance near Talos Dome, East Antarctica, J. Geophys. Res., 112, F02032, https://doi.org/10.1029/2006JF000638, 2007.",,
"Magand et al., 2005; Frezzotti et al., 2007","Magand et al., 2005; Frezzotti et al., 2007","Magand et al., 2005; Frezzotti, M., Urbini, S., Proposito, M., Scarchilli, C., and Gandolfi, S.: Spatial and temporal variability of surface mass balance near Talos Dome, East Antarctica, J. Geophys. Res., 112, F02032, https://doi.org/10.1029/2006JF000638, 2007. ","Frezzotti, M., Urbini, S., Proposito, M., Scarchilli, C., and Gandolfi, S.: Spatial and temporal variability of surface mass balance near Talos Dome, East Antarctica, J. Geophys. Res., 112, F02032, https://doi.org/10.1029/2006JF000638, 2007.",
"Magand et al., 2005; Frezzotti et al., 2007","Magand et al., 2005; Frezzotti et al., 2007","Magand et al., 2005; Frezzotti, M., Urbini, S., Proposito, M., Scarchilli, C., and Gandolfi, S.: Spatial and temporal variability of surface mass balance near Talos Dome, East Antarctica, J. Geophys. Res., 112, F02032, https://doi.org/10.1029/2006JF000638, 2007.",,
"Magand et al., 2005","Magand et al., 2007","Magand, O.,  C. Genthon,  M. Fily,  G. Krinner,  G. Picard,  M. Frezzotti, and  A. A. Ekaykin (2007), An up-to-date quality-controlled surface mass balance data set for the 90°–180°E Antarctica sector and 1950–2005 period, J. Geophys. Res., 112, D12106, doi:10.1029/2006JD007691.",,
"Mayewski and Dixon, 2013","Mayewski and Dixon, 2013","Mayewski, P. A. and Dixon, D. A.: U.S. International Trans Antarctic Scientific Expedition (US ITASE) glaciochemical data, version 2. National Snow and Ice Data Center, accessed: 5 January 2015, https://doi.org/10.7265/N51V5BXR, 2013.",,
"Mayewski et al., 2013","Mayewski and Dixon, 2013","Mayewski, P. A. and Dixon, D. A.: U.S. International Trans Antarctic Scientific Expedition (US ITASE) glaciochemical data, version 2. National Snow and Ice Data Center, accessed: 5 January 2015, https://doi.org/10.7265/N51V5BXR, 2013.",,
"Mayewski et al., 1990","Mayewski and Legrand, 1990","Mayewski, P., Legrand, M. Recent increase in nitrate concentration of Antarctic snow. Nature 346, 258–260 (1990). https://doi.org/10.1038/346258a0",,
"McConnell et al., 1997","McConnell et al., 1997","McConnell, J. R., Bales, R. C., & Davis, D. R. (1997). Recent intra-annual snow accumulation at South Pole: Implications for ice core interpretation. Journal of Geophysical Research, 102(D18), 21947–21954. https://doi.org/10.1029/97jd00848",,
"McCrae, Report, 1984","McCrae, 1984","McCrae,, I.R. 1984. A summary of glaciological measurements made between 1960 and 1984 on the McMurdo Ice Shelf, Antarctica. Auckland, New Zealand, University of Auckland, School of Engineering. Department of Theoretical and Applied Mechanics. (Report 360.)",,
Medley et al. 2014,Medley et al. 2014,"Medley, M., Joughin, J., Smith, S., Das, D., Steig, S.: Constraining the recent mass balance of Pine Island and Thwaites glaciers, West Antarctica, with airborne observations of snow accumulation, The Cryosphere, https://tc.copernicus.org/articles/8/1375/2014/, 2014.",,
"Medley et al., 2013","Medley et al., 2013","Medley, B., Joughin, I., Das, S. B., Steig, E. J., Conway, H., Gogineni, S., Criscitiello, A. S., McConnell, J. R., Smith, B. E., van den Broeke, M. R., Lenaerts, J. T. M., Bromwich, D. H., and Nicolas, J. P.: Airborne-radar and ice-core observations of annual snow accumulation over Thwaites Glacier, West Antarctica confirm the spatiotemporal variability of global and regional atmospheric models, Geophys. Res. Lett., 40, 3649–3654, https://doi.org/10.1002/grl.50706, 2013.",,
"Medley et al., 2013","Medley et al., 2013","Medley, B., Joughin, I., Das, S. B., Steig, E. J., Conway, H., Gogineni, S., Criscitiello, A. S., McConnell, J. R., Smith, B. E., van den Broeke, M. R., Lenaerts, J. T. M., Bromwich, D. H., and Nicolas, J. P.: Airborne-radar and ice-core observations of annual snow accumulation over Thwaites Glacier, West Antarctica confirm the spatiotemporal variability of global and regional atmospheric models, Geophys. Res. Lett., 40, 3649–3654, https://doi.org/10.1002/grl.50706, 2013.",,
"Melvold et al., 1998","Melvold et al., 1998","Melvold, M., Hagen, H., Pinglot, P.: Large spatial variation in accumulation rate in Jutulstraumen ice stream, Dronning Maud Land, Antarctica, Annals of …, https://www.cambridge.org/core/journals/annals-of-glaciology/article/large-spatial-variation-in-accumulation-rate-in-jutulstraumen-ice-stream-dronning-maud-land-antarctica/5D18FD5651C8B9A59F2112ADDF650905, 1998.",,
Melvold 1999 PhD Thesis,"Melvold, 1999","Melvold, K. (1999). Impact of recent climate on glacier mass balance : studies on Kongsvegen, Svalbard and Jutulstraumen, Antarctica. University of Oslo.",,
"Meyerson et al., 2002","Meyerson et al., 2002","Meyerson, E. A., P. A. Mayewski, K. J. Kreutz, L. D. Meeker, S. I. Whitlow, and M. S. Twickler (2002), The polar expression of ENSO and sea-ice variability as recorded in a South Pole ice core, Ann. Glaciol., 35, 430–436.",,
Moore et al. 1991,"Moore et al., 1991","Moore, M., Narita, N., Maeno, M.: A continuous 770‐year record of volcanic activity from East Antarctica, Journal of Geophysical …, https://agupubs.onlinelibrary.wiley.com/doi/abs/10.1029/91JD01283, 1991.",,
"Moore et al., 1991","Moore et al., 1991","Moore, M., Narita, N., Maeno, M.: A continuous 770‐year record of volcanic activity from East Antarctica, Journal of Geophysical …, https://agupubs.onlinelibrary.wiley.com/doi/abs/10.1029/91JD01283, 1991.",,
"Mosely-Thomposn et al., 1999",Mosley-Thompson et al. 1999,"Mosley-Thompson, E., Paskievitch, J. F., Gow, A. J., & Thompson, L. G. (1999). Late 20th century increase in South Pole snow accumulation. Journal of Geophysical Research, 104(D4), 3877–3886. https://doi.org/10.1029/1998jd200092",,
"Mosley-Thompson, 1999",Mosley-Thompson et al. 1999,"Mosley-Thompson, E., Paskievitch, J. F., Gow, A. J., & Thompson, L. G. (1999). Late 20th century increase in South Pole snow accumulation. Journal of Geophysical Research, 104(D4), 3877–3886. https://doi.org/10.1029/1998jd200092",,
"Mosley-Thompson et al. 1999; Giovinetto et al., 1966; Picciotto et al ., 1964","Mosley-Thompson et al. 1999; Giovinetto et al., 1966; Picciotto et al ., 1964","Mosley-Thompson, E., Paskievitch, J. F., Gow, A. J., & Thompson, L. G. (1999). Late 20th century increase in South Pole snow accumulation. Journal of Geophysical Research, 104(D4), 3877–3886. https://doi.org/10.1029/1998jd200092","Giovinetto, M. B., and w. Schwerdtfeger, Analysis of a 200 year snow accumulation series from the South Pole, Arch. Meteorol. Geophys. Bioklimatol., Ser. A, 15, 227-250, 1966. ","Picciotto, E., G. Crozaz, and W. De Breuck, Rate of accumulation of snow at South Pole as determined by radioactive measurements, Nature, -203, 393-394,  1964. "
"Mosley-Thompson et al., 1995","Mosley-Thompson et al., 1995","Mosley-Thompson, E., Thompson, L. G., Paskievitch, J. F., Pourchet, M., Gow, A. J., Davis, M. E., & Kleinman, J. (1995). Recent increase in South Pole snow accumulation. Annals of Glaciology, 21, 131–138. https://doi.org/10.3189/S0260305500015718",,
"Mosley-Thompson et al., 1995; Lazzara et al., 2012","Mosley-Thompson et al., 1995; Lazzara et al., 2012","Mosley-Thompson, E., Thompson, L. G., Paskievitch, J. F., Pourchet, M., Gow, A. J., Davis, M. E., & Kleinman, J. (1995). Recent increase in South Pole snow accumulation. Annals of Glaciology, 21, 131–138. https://doi.org/10.3189/S0260305500015718","Lazzara, M. A., Keller, L. M., Markle, T., & Gallagher, J. (2012). Fifty-year Amundsen–Scott South Pole station surface climatology. Atmospheric Research, 118, 240–259. https://doi.org/10.1016/j.atmosres.2012.06.027",
"Mosley-Thompson et al., 2001","Mosley-Thompson et al., 2001",,,
"Wang et al., 2015; Motoyama et al., 2015;This study","Motoyama et al. (2015), Wang et al. (2015, 2021)","Motoyama, H., Furukawa, T., Fujita, S., Shinbori, K., Tanaka, Y., Li, Y., Chung, J., Nakazawa, F., Fukui, K., Enomoto, H., Sugiyama, S., Asano, H., Takeda, Y., Hirabayashi, M., Nishimura, D., Masunaga, T., Kuramoto, T., Kobashi, T., Kusaka, R., and Kameda, T.: Glaciological Data Collected by the 48th–54th Japanese Antarctic Research Expeditions during 2007–2013, JARE Data Reports, 35, 1–44, https://doi.org/10.15094/00010905, 2015.","Wang, Y., Hou, S., Sun, W., Lenaerts, J. T. M., van den Broeke, M. R., and van Wessem, J. M.: Recent surface mass balance from Syowa Station to Dome F, East Antarctica: comparison of field observations, atmospheric reanalyses, and a regional atmospheric climate model, Clim. Dynam., 45, 2885–2899, https://doi.org/10.1007/s00382-015-2512-6, 2015.","Wang, Y., Ding, M., Reijmer, C. H., Smeets, P. C. J. P., Hou, S., and Xiao, C.: The AntSMB dataset: a comprehensive compilation of surface mass balance field observations over the Antarctic Ice Sheet, Earth Syst. Sci. Data, 13, 3057–3074, https://doi.org/10.5194/essd-13-3057-2021, 2021."
"Mulvaney and Wolff, 1993","Mulvaney and Wolff, 1993","Mulvaney, R., and  E. W. Wolff (1993), Evidence for winter/spring denitrification of the stratosphere in the nitrate record of Antarctic firn cores, J. Geophys. Res., 98(D3), 5213–5220, doi:10.1029/92JD02966.",,
"Mulvaney and Wolff, 1993;  Mulvaney et al., 1990","Mulvaney and Wolff, 1993;  Mulvaney et al., 1990","Mulvaney, R., and  E. W. Wolff (1993), Evidence for winter/spring denitrification of the stratosphere in the nitrate record of Antarctic firn cores, J. Geophys. Res., 98(D3), 5213–5220, doi:10.1029/92JD02966.","Mulvaney, R., Peel, D. A., & Reid, A. P. (1990). 26-Year High Resolution Profile Of Major Anions In Snow From Coats Land, Antarctica. Annals of Glaciology, 14, 349–349. doi:10.3189/S0260305500009198",
"Mulvaney and Wolff, 1993;  Mulvaney et al., 1990","Mulvaney and Wolff, 1993;  Mulvaney et al., 1990","Mulvaney and Wolff, 1993; Mulvaney et al., 1990",,
"Mulvaney et al., 2002","Mulvaney et al., 2002","Mulvaney, R., Oerter, H., Peel, D. A., Graf, W., Arrowsmith, C., Pasteur, E. C., Knight, B., Littot, G. C., and Miners, W. D.: 1000 year ice-core records from Berkner Island, Antarctica, Ann. Glaciol., 35, 45–51, https://doi.org/10.3189/172756402781817176, 2002.",,
"Mumford, 1982","Mumford and Peel, 1982","Mumford, J. W., Peel, D. A.. 1982, Microparticles, marine salts and stable isotope, in a shallow firn core from the Antarctic Peninsula. Br, Antarct, surv, Bull., 56, 37–47.",,
"My et al., 2012; Roberts et al., 2015","My et al., 2012; Roberts et al., 2015","Roberts, J., Plummer, C., Vance, T., van Ommen, T., Moy, A., Poynter, S., Treverrow, A., Curran, M., and George, S.: A 2000-year annual record of snow accumulation rates for Law Dome, East Antarctica, Clim. Past, 11, 697–707, https://doi.org/10.5194/cp- 11-697-2015, 2015.",,
Neethling ISAGE,"Neethling, 1970","Neethling, D. c., Snow accumulation on the Fimbul Ice Shelf, western Dronning Maud Land, Antarctica, in Int. Symposium on Antarctic Glaciological Exploration (ISAGE), 1968, IASH Publ., edited by A. J. Gow, c. Keeler, C.c. Langway, and W. F. Weeks, pp. 390-404, Int. Assn. of Scientific Hydrology, Gentbrugge, Belgium, Scientific Committee on Antarct. Res., Cambridge, Eng., 1970.",,
"Nijampurkar and orthers, JER, 1993","Nijampurkar et al., 1993","Nijampurkar, N., Rao, R.: Polar fallout of radionuclides 32Si, 7Be and 210Pb and past accumulation rate of ice at Indian station, Dakshin Gangotri, East Antarctica, Journal of environmental radioactivity, https://www.sciencedirect.com/science/article/pii/0265931X9390048C, 1993.",,
"Nijampurkar et al., 1993","Nijampurkar et al., 1993","Nijampurkar, N., Rao, R.: Polar fallout of radionuclides 32Si, 7Be and 210Pb and past accumulation rate of ice at Indian station, Dakshin Gangotri, East Antarctica, Journal of environmental radioactivity, https://www.sciencedirect.com/science/article/pii/0265931X9390048C, 1993.",,
"Nishio et al., 2002","Nishio et al., 2002","Nishio, F., Furukawa, T., Hashida, G., Igarashi, M., Kameda, T., Kohno, M., Motoyama, H., Naoki, K., Satow, K., Suzuki, K., Morimasa, T., Toyama, Y., Yamada, T., and Watanabe, O.: Annual-layer determinations and 167 year records of past climate of H72 ice core in east Dronning Maud Land, Antarctica, Ann. Glaciol., 35, 471–479, 2002.",,
"Oerter et al., 1999","Oerter et al., 1999","Oerter, H., Graf, W., Wilhelms, F., Minikin, A., and Miller, H.: Accumulation studies on Amundsenisen, Dronning Maud Land, by means of tritium, DEP and stable isotope measurements: first results from the 1995/96 and 1996/97 field seasons, Ann. Glaciol., 29, 1–9, 1999.",,
"Oerter et al.,1999","Oerter et al., 1999","Oerter, H., Graf, W., Wilhelms, F., Minikin, A., and Miller, H.: Accumulation studies on Amundsenisen, Dronning Maud Land, by means of tritium, DEP and stable isotope measurements: first results from the 1995/96 and 1996/97 field seasons, Ann. Glaciol., 29, 1–9, 1999.",,
"Oerter et al., 2000","Oerter et al., 2000","Oerter, H.,Wilhelms, F., Jung-Rothenhäusler, F., Göktas, F., Miller, H., Graf, W., and Sommer, S.: Accumulation rates in Dronning Maud Land, Antarctica, as revealed by dielectric-profiling measurements of shallow firn cores, Ann. Glaciol., 30, 27–34, 2000.",,
"Oerter et al., 2004","Oerter et al., 2004",,,
"Oerter H., 2008","Oerter H., 2008",,,
"Orheim et al., 1986","Orheim et al., 1986","Orheim, O., Gjessing, Y., Lunde, T., Repp, K., Wold, B., Clausen, H. B., & Liestøl, O. (1986). Oxygen isotopes and accumulation rates at Riiser-Larsenisen, Antarctica. In Glaciological research on Riiser-Larsenisen and nearby ice-shelves in Antarctica (Vol. 187, pp. 32–47). Norsk Polarinstitutt. https://brage.npolar.no/npolar-xmlui/handle/11250/173516",,
"Palais et al., 1983","Palais et al., 1982","alais, J.M., Whillans, I.M. and Bull, C.. 1982. Snow stratigraphic studies at Dome C, East Antarctica: an investigation of depositional and diagenetic processes. Ann. Glaciol., 3, 239–242",,
"Palais et al.,1983","Palais et al., 1982","alais, J.M., Whillans, I.M. and Bull, C.. 1982. Snow stratigraphic studies at Dome C, East Antarctica: an investigation of depositional and diagenetic processes. Ann. Glaciol., 3, 239–242",,
"Pasteur and Mulvaney, 2000","Pasteur and Mulvaney, 2000","Pasteur, P., Mulvaney, M.: Migration of methane sulphonate in Antarctic firn and ice, Journal of Geophysical Research …, https://agupubs.onlinelibrary.wiley.com/doi/abs/10.1029/2000JD900006, 2000.",,
"Peel, 1982","Peel and Clausen, 1982","Peel, D.A., Clausen, H.B.: Oxygen-isotope and total beta-radioactivity measurements on 10 m ice cores from the Antarctic Peninsula, Journal of Glaciology, https://doi.org/10.3189/S0022143000011783, 1982",,
"Peel, 1988","Peel and Davison., 1988","Peel, D. A., , R., and Davison, B. M.: Stable-Isotope/Air-Temperature relationship in ice cores from Dolleman Island andthe Palmer Land Plateau, Antarctic Peninsula, Ann. Glaciol., 10,130–136, 1988.",,
"Petit et al., 1982","Petit et al., 1982","Petit, J. R., J. Jouzel, M. Pourchet, and L. Merlivat, A detailed study of snow accumulation and stable isotope content in Dorne C (Antarctica),  J. Geophys. Res., 87, 4301-4308, https://agupubs.onlinelibrary.wiley.com/doi/abs/10.1029/JC087iC06p04301, 1982.",,
"Pettre et al., 1986","Pettre et al., 1986","Pettre, P., et al. (1986), Accumulation in Terre Adelie, Antarctica: Effect of meteorological parameters, J. Glaciol., 32, 486–500.",,
"Pettre et al., 1986; Petit et al., 1982","Pettre et al., 1986; Petit et al., 1982","Pettre, P., et al. (1986), Accumulation in Terre Adelie, Antarctica: Effect of meteorological parameters, J. Glaciol., 32, 486–500.","Petit, J. R., J. Jouzel, M. Pourchet, and L. Merlivat, A detailed study of snow accumulation and stable isotope content in Dorne C (Antarctica),  J. Geophys. Res., 87, 4301-4308, https://agupubs.onlinelibrary.wiley.com/doi/abs/10.1029/JC087iC06p04301, 1982.",
"Morgane et al., 2016","Philippe et al., 2016","Philippe, M., Tison, J.-L., Fjøsne, K., Hubbard, B., Kjær, H. A., Lenaerts, J. T. M., Drews, R., Sheldon, S. G., De Bondt, K., Claeys, P., and Pattyn, F.: Ice core evidence for a 20th century increase in surface mass balance in coastal Dronning Maud Land, East Antarctica, The Cryosphere, 10, 2501–2516, https://doi.org/10.5194/tc-10-2501-2016, 2016.",,
"Philippe et al., 2016","Philippe et al., 2016","Philippe, P., Tison, T., Fjøsne, F., Hubbard, H.: Ice core evidence for a 20th century increase in surface mass balance in coastal Dronning Maud Land, East Antarctica, The Cryosphere, https://tc.copernicus.org/preprints/tc-2016-27/, 2016.",,
"Picciotto et al .,1964","Picciotto et al .,1964","Picciotto, E., Crozaz, G., and De Breuck, W.: Rate of accumulation of snow at the south pole as determined by radioactive measurements, Nature, 203, 393–394, 1964.",,
"Picciotto et al., 1968","Picciotto et al., 1968","Picciotto E, Cameron R, Crozaz G, Deutsch S, Wiloain S. Determination of the Rate of Snow Accumulation at the Pole of Relative Inaccessibility, Eastern Antarctica: A Comparison of Glaciological and Isotopic Methods. Journal of Glaciology. 1968;7(50):273-287. doi:10.3189/S002214300003104X",,
"Potter et al., 1984","Potter et al., 1984","Potter, J. R., Glaciological and oceanographic calculations of the mass balance and oxygen isotope ratio of a melting ice shelf, J. Glaciol., 30, 161–170, 1984.",,
"Pourchet et al., 1983","Pourchet et al., 1983","Pourchet, M., J. F. Pinglot, and C. Lorius, Some meteorological applications of radioactive fallout measurements in Antarctic snows, J. Geophys. Res., 88(C10), 6013–6020, 1983.",,
"Pourchet et al., 1997","Pourchet et al., 1997","Pourchet, P., Bartarya, B., Maignan, M., Jouzel, J.: Distribution and fall-out of 137Cs and other radionuclides over Antarctica, Journal of …, https://www.cambridge.org/core/journals/journal-of-glaciology/article/distribution-and-fallout-of-137cs-and-other-radionuclides-over-antarctica/1CD95A8E8F1BD9A9EFF0E632882B3CC6, 1997.",,
"Pourchet et al., 2003","Pourchet et al., 2003","Pourchet, P., Magand, M., Frezzotti, F., Ekaykin, E.: Radionuclides deposition over Antarctica, Journal of environmental …, https://www.sciencedirect.com/science/article/pii/S0265931X03000559, 2003.",,
"Reinwarth et al, 1982","Reinwarth et al, 1982","Reinwarth, O., W. Rauert, W. Stichler, and H. Moser, Preliminary investigations on accumulation at the Filchner/Ronne Ice Shelves and Atka Bay, Ann. Glaciol., 3, 274–278, 1982.",,
"Ren and Qin, 1999","Ren and Qin, 1999","Ren, J. and Qin Dahe, I. A.: Variations of snow accumulation and temperature over past decades in the Lambert Glacier basin, Antarctica, Ann. Glaciol., 29, 29–32, 10.3189/172756499781821058, 1999.",,
"Ren et al., 2010","Ren et al., 2010","Ren, J.,  C. Li,  S. Hou,  C. Xiao,  D. Qin,  Y. Li, and  M. Ding (2010), A 2680 year volcanic record from the DT-401 East Antarctic ice core, J. Geophys. Res., 115, D11301, doi:10.1029/2009JD012892.",,
"Reusch et al., 1999","Reusch et al., 1999","Reusch, D. B.,  P. A. Mayewski,  S. I. Whitlow,  I. I. Pittalwala, and  M. S. Twickler (1999), Spatial variability of climate and past atmospheric circulation patterns from central West Antarctic glaciochemistry, J. Geophys. Res., 104(D6), 5985–6001, doi:10.1029/1998JD200056.",,
"Roberts et al., 2015","Roberts et al., 2015","Roberts, J., Plummer, C., Vance, T., van Ommen, T., Moy, A., Poynter, S., Treverrow, A., Curran, M., and George, S.: A 2000-year annual record of snow accumulation rates for Law Dome, East Antarctica, Clim. Past, 11, 697–707, https://doi.org/10.5194/cp-11-697-2015, 2015.",,
"Rotscky et al., 2007","Rotscky et al., 2007ab","Rotschky, G et al. (2007): A new surface accumulation map for western Dronning Maud Land, Antarctica, from interpolation of point measurements. Journal of Glaciology, 53(182), 385-398, https://doi.org/10.3189/002214307783258459","Rotschky, Gerit; Holmlund, Per; Isaksson, Elisabeth; Mulvaney, Robert; Oerter, Hans; van den Broeke, Michiel R; Winther, Jan-Gunnar (2007): Accumulation rates for western Dronning Maud Land from firn cores and snow pits [dataset]. PANGAEA, https://doi.org/10.1594/PANGAEA.407654,",
"Rott et al., 1998","Rott et al., 1998","Rott, R., Rack, R., Nagler, N., Skvarca, S.: Climatically induced retreat and collapse of northern Larsen Ice Shelf, Antarctic Peninsula, Annals of Glaciology, https://www.cambridge.org/core/journals/annals-of-glaciology/article/climatically-induced-retreat-and-collapse-of-northern-larsen-ice-shelf-antarctic-peninsula/ADF9E5BB256BCCCF15611B99600D124E, 1998.",,
"Ruth et al., 2004","Ruth et al., 2004ab","Ruth, U., Wagenbach, D., Mulvaney, R., Oerter, H., Graf, W., Pulz, H., & Littot, G. (2004). Comprehensive 1000 year climatic history from an intermediate-depth ice core from the south dome of Berkner Island, Antarctica: methods, dating and first results. Annals of Glaciology, 39, 146–154. doi:10.3189/172756404781814104","Ruth, U., Wagenbach, D., Oerter, H., 2004): Chemistry record of icecore BER11C95_25 [dataset]. PANGAEA, https://doi.org/10.1594/PANGAEA.400910,",
Schlosser 1999,"Schlosser et al., 1999",Schlosser E. Effects of seasonal variability of accumulation on yearly mean δ18O values in Antarctic snow. Journal of Glaciology. 1999;45(151):463-468. doi:10.3189/S0022143000001325 ,,
"Schlosser et al., 1999","Schlosser et al., 1999",Schlosser E. Effects of seasonal variability of accumulation on yearly mean δ18O values in Antarctic snow. Journal of Glaciology. 1999;45(151):463-468. doi:10.3189/S0022143000001325 ,,
"Schlosser, 1999","Schlosser et al., 1999","Schlosser, E, Oerter, H and Graf, W (1999) Surface mass balance investigations on Ekströmisen, Antarctica, 1980–1996. Ber. Polarforsch/Rep. Pol. Res. 313",,
"Schlosser et al., 2012","Schlosser et al., 2012","Schlosser E, Anschütz H, Isaksson E, Martma T, Divine D, Nøst O-A. Surface mass balance and stable oxygen isotope ratios from shallow firn cores on Fimbulisen, East Antarctica. Annals of Glaciology. 2012;53(60):70-78. doi:10.3189/2012AoG60A102",,
"Schlosser et al., 2014","Schlosser et al., 2014","Schlosser, E.,  H. Anschütz,  D. Divine,  T. Martma,  A. Sinisalo,  S. Altnau, and  E. Isaksson (2014), Recent climate tendencies on an East Antarctic ice shelf inferred from a shallow firn core network, J. Geophys. Res. Atmos., 119, 6549–6562, doi:10.1002/2013JD020818.",,
"Schlosser et al.,2014","Schlosser et al., 2014","Schlosser, E.,  H. Anschütz,  D. Divine,  T. Martma,  A. Sinisalo,  S. Altnau, and  E. Isaksson (2014), Recent climate tendencies on an East Antarctic ice shelf inferred from a shallow firn core network, J. Geophys. Res. Atmos., 119, 6549–6562, doi:10.1002/2013JD020818.",,
"Schwander et al., 1984","Schwander and Stauffer, 1984","Schwander, J., Stauffer, B. Age difference between polar ice and the air trapped in its bubbles. Nature 311, 45–47 (1984). https://doi.org/10.1038/311045a0",,
"Sinisalo et al., 2003","Sinisalo et al., 2003","Sinisalo, A., Moore, J. C., Van De Wal, R. S. W., Bintanja, R., & Jonsson, S. (2003). A 14 year mass-balance record of a blue-ice area in Antarctica. Annals of Glaciology, 37, 213–218. doi:10.3189/172756403781816013",,
"Sinisalo et al., 2013","Sinisalo et al., 2013","Sinisalo, A., et al. (2013), Surface mass balance on Fimbul ice shelf, East Antarctica: Comparison of field measurements and large-scale studies, J. Geophys. Res. Atmos., 118, 11,625–11,635, doi:10.1002/jgrd.50875.",,
"Skvarca et al., 2004","Skvarca et al., 2004","Skvarca, P., De Angelis, H., & Zakrajsek, A. F. (2004). Climatic conditions, mass balance and dynamics of Larsen B ice shelf, Antarctic Peninsula, prior to collapse. Annals of Glaciology, 39, 557–562. doi:10.3189/172756404781814573 ",,
"Sommer et al., 2000","Sommer et al., 2000","Sommer, S.,  D. Wagenbach,  R. Mulvaney, and  H. Fischer (2000), Glacio-chemical study spanning the past 2 kyr on three ice cores from Dronning Maud Land, Antarctica: 2. Seasonally resolved chemical records, J. Geophys. Res., 105(D24), 29423–29433, doi:10.1029/2000JD900450.",,
"Spikes et al., 2004","Spikes et al., 2004","Spikes, V. B., Hamilton, G. S., Arcone, S. A., Kaspari, S., and Mayewski, P. A.: Variability in accumulation rates from GPR profiling on the West Antarctic plateau, Ann. Glaciol., 39, 238–244, 2004.",,
"Spikes et al., 2005","Spikes et al., 2004","Spikes, V. B., Hamilton, G. S., Arcone, S. A., Kaspari, S., & Mayewski, P. A. (2004). Variability in accumulation rates from GPR profiling on the West Antarctic plateau. Annals of Glaciology, 39, 238–244. doi:10.3189/172756404781814393",,
"Stenni et al., 1999","Stenni et al., 1999","Stenni, B., R. Caprioli, L. Cimino, C. Cremisini, O. Flora, R. Gragnani, A. Longinelli, V. Maggi, and S. Torcini, 200 years of isotope and chemical records in a firn core from Hercules Névé, northern Victoria Land, Antarctica, Ann. Glaciol., 29, 106–112, 1999.",,
"Stnni et al., 1999","Stenni et al., 1999","Stenni, B., R. Caprioli, L. Cimino, C. Cremisini, O. Flora, R. Gragnani, A. Longinelli, V. Maggi, and S. Torcini, 200 years of isotope and chemical records in a firn core from Hercules Névé, northern Victoria Land, Antarctica, Ann. Glaciol., 29, 106–112, 1999.",,
"Stenni et al., 2000","Stenni et al., 2000","Stenni, B., F. Serra, M. Frezzotti, V. Maggi, R. Traversi, S. Becagli, and R. Udisti, Snow accumulation rates in Northern Victoria Land (Antarctica) by firn core analysis, J. Glaciol., 46(155), 541–552, 2000.",,
"Stenni et al., 2002","Stenni et al., 2002","Stenni, B.,  M. Proposito,  R. Gragnani,  O. Flora,  J. Jouzel,  S. Falourd, and  M. Frezzotti, Eight centuries of volcanic signal and climate change at Talos Dome (East Antarctica), J. Geophys. Res., 107(D9), doi:10.1029/2000JD000317, 2002.",,
"Stuart, 1961; Stuart and Heine, 1961","Stuart, 1961; Stuart and Heine, 1961","Stuart, A. W., and A. J. Heine, Glaciological work of the 1959–1960 U.S. Victoria Land Traverse, J. Glaciol., 3, 997–1002, 1961.",,
Takahashi et al. 1994,Takahashi et al. 1994,"Takahashi, S., Ageta, Y., Fujii, Y., and Watanabe, O.: Surface mass balance in east Dronning Maud Land, Antarctica, observed by Japanese Antarctic Research Expeditions, Ann. Glaciol., 20, 242–248, https://doi.org/10.3189/1994AoG20-1-242-248, 1994.",,
"Takahashi et al., 2009","Takahashi et al., 2009","Takahashi, H., Yokoyama, T., Igarashi, M., Motoyama, H. and Suzuki, K. 2009. Resolution of environmental variation by detailed analysis of YM shallow ice core in Antarctica. Bulletin of Glaciological Research, 27, pp.15-23.",,
This study,Wang et al. 2021,"Wang, Y., Ding, M., Reijmer, C. H., Smeets, P. C. J. P., Hou, S., and Xiao, C.: The AntSMB dataset: a comprehensive compilation of surface mass balance field observations over the Antarctic Ice Sheet, Earth Syst. Sci. Data, 13, 3057–3074, https://doi.org/10.5194/essd-13-3057-2021, 2021.",,
"Thomas, 1984","Thomas et al., 1984","Thomas, R. H., D. R. MacAyeal, D. H. Eilers, and D. R. Gaylord, Glaciological  studies on the Ross Ice Shelf, Antarctica, 1973-1978, in The Ross Ice Shelf: Glaciology and Geophysics, Antarct. Res. Ser., vol. 42, edited by c. R. Bentley and D. E. Hayes, pp. 21-53, AGU, Washington, D.C., 1984.",,
"Thomas et al., 2008","Thomas et al., 2008","Thomas, E. R., G. J. Marshall, and J. R. McConnell (2008), A doubling in accumulation in the western Antarctic Peninsula since 1850, Geophys. Res. Lett., 35, L01706, doi:10.1029/2007GL032529.",,
"Thomas et al., 2015","Thomas et al., 2015","Thomas, E.R., Bracegirdle, T.J. Precipitation pathways for five new ice core sites in Ellsworth Land, West Antarctica. Clim Dyn 44, 2067–2078 (2015). https://doi.org/10.1007/s00382-014-2213-6",,
"Thomas et al., 2015","Thomas et al., 2015","Thomas, E. R. and Bracegirdle, T. J.: Precipitation pathways for five new ice core sites in Ellsworth Land, West Antarctica, Clim. Dynam., 44, 2067–2078, https://doi.org/10.1007/s00382-014-2213-6, 2015.",,
"Thompson et al., 2004","Thompson et al., 1994","Thompson, L. G., Peel, D. A., Mosley-Thompson, E., Mulvaney, R., Dai, J., Lin, P. N., Davis, M. E., and Raymond, C. F.: Climate change since AD 1510 on Dyer Plateau, Antarctic Peninsula: Evidence for recent climate change, Ann. Glaciol., 20, 420–426, 1994.",,
"Urbini et al., 2008","Urbini et al., 2008","Urbini, S., Frezzotti, M., Gandolfi, S., Vincent, C., Scarchilli, C., Vittuari, L., and Fily, M.: Historical behaviour of Dome C and Talos Dome (East Antarctica) revealed by snow accumulation and ice velocity measurements, Global Planet. Changes, 60, 576– 588, doi:10.1016/j.gloplacha.2007.08.002, 2008.",,
"Van den Broeke, 1999","Van den Broeke et al., 1999","van den Broeke, M. R., Winther, J.-G., Isaksson, E., Pinglot, J. F., Karlöf, L., Eiken, T., & Conrads, L. (1999). Climate variables along a traverse line in Dronning Maud Land, East Antarctica. Journal of Glaciology, 45(150), 295–302. doi:10.3189/002214399793377266",,
"Van Ommen, 2010","Van Ommen and Morgan, 2010","van Ommen, T., Morgan, V. Snowfall increase in coastal East Antarctica linked with southwest Western Australian drought. Nature Geosci 3, 267–272 (2010). https://doi.org/10.1038/ngeo761",,
"Vaughan et al., 1999; Venteris and Whillans,1998","Vaughan et al., 1999; Venteris and Whillans, 1998","Vaughan, D. G., Bamber, J. L., Giovinetto, M., Russell, J., and Cooper, A. P. R.: Reassessment of net surface mass balance in Antarctica, J. Climate, 12, 933–946, https://doi.org/10.1175/1520-0442(1999)012<0933:RONSMB>2.0.CO;2, 1999.; ","Venteris, E. R., & Whillans, I. M. (1998). Variability of accumulation rate in the catchments of Ice Streams B, C, D and E, Antarctica. Annals of Glaciology, 27, 227–230. doi:10.3189/1998AoG27-1-227-230",
"Vaughan et al., 1999; Venteris and Whillans, 1998","Vaughan et al., 1999; Venteris and Whillans, 1998","Vaughan, D. G., Bamber, J. L., Giovinetto, M., Russell, J., and Cooper, A. P. R.: Reassessment of net surface mass balance in Antarctica, J. Climate, 12, 933–946, https://doi.org/10.1175/1520-0442(1999)012<0933:RONSMB>2.0.CO;2, 1999.","Venteris, E. R., & Whillans, I. M. (1998). Variability of accumulation rate in the catchments of Ice Streams B, C, D and E, Antarctica. Annals of Glaciology, 27, 227–230. doi:10.3189/1998AoG27-1-227-230",
"Vaughan et al., 1999; Venteris and Whillans, 1998","Vaughan et al., 1999; Venteris and Whillans, 1998","Vaughan, D. G., Bamber, J. L., Giovinetto, M., Russell, J., and Cooper, A. P. R.: Reassessment of net surface mass balance in Antarctica, J. Climate, 12, 933–946, https://doi.org/10.1175/1520-0442(1999)012<0933:RONSMB>2.0.CO;2, 1999.; Venteris and Whillans, 1998",,
"Vaughan et al., 1999; Venteris and Whillans,1998","Vaughan et al., 1999; Venteris and Whillans,1998","Vaughan, D. G., Bamber, J. L., Giovinetto, M., Russell, J., and Cooper, A. P. R.: Reassessment of net surface mass balance in Antarctica, J. Climate, 12, 933–946, https://doi.org/10.1175/1520-0442(1999)012<0933:RONSMB>2.0.CO;2, 1999.; Venteris and Whillans,1998",,
"Verfaillie et al., 2012","Verfaillie et al., 2012","Verfaillie, D., Fily, M., Le Meur, E., Magand, O., Jourdain, B., Arnaud,  L., and Favier, V.: Snow accumulation variability derived from radar and firn core data along a 600 km transect in Adelie Land, East  Antarctic plateau, The Cryosphere, 6, 1345–1358, https://doi.org/10.5194/tc-6-1345-2012, 2012.    ",,
"Vladimirova and Ekaykin, 2014","Vladimirova and Ekaykin, 2014","Vladimirova, D. O. and Ekaykin, A. A.: Climatic variability in Davis Sea sector (East Antarctica) for the last 250 years based on geochemical investigations of “105 km” ice core, Probl. Arktiki i Antarktiki, 1, 102–113, 2014 (in Russian).",,
"Vladimirova et al., 2014","Vladimirova et al., 2014","Vladimirova D.O., Ekaykin A.A. Climatic variability in Davis sea sector (East Antarctica) over the past 250 years based on the 105 km ice core geochemical data // Problemy Arctiky i Antarctiky, Vol.1 (99), 2014, p. 102-113 (in russian).",,
"Wang et al., 2013","Wang et al., 2013","Wang, Y., Sodemann, H., Hou, S. et al. Snow accumulation and its moisture origin over Dome Argus, Antarctica. Clim Dyn 40, 731–742 (2013). https://doi.org/10.1007/s00382-012-1398-9",,
"Wang et al., 2015; Motoyama et al., 2015","Wang et al., 2015; Motoyama et al., 2015","Wang, Y., Hou, S., Sun, W., Lenaerts, J. T. M., van den Broeke, M. R., and van Wessem, J. M.: Recent surface mass balance from Syowa Station to Dome F, East Antarctica: comparison of field observations, atmospheric reanalyses, and a regional atmospheric climate model, Clim. Dynam., 45, 2885–2899, https://doi.org/10.1007/s00382-015-2512-6, 2015.","Motoyama, H., Furukawa, T., Fujita, S., Shinbori, K., Tanaka, Y., Li, Y., Chung, J.-W., Nakazawa, F., Fukui, K., Enomoto, H., Sugiyama, S., Asano, H., Takeda, Y., Hirabayashi, M., Nishimura, D., Masunaga, T., Kuramoto, T., Kobashi, T., Kusaka, R., Kinase, T., Ikeda, C., Suzuki, T., Ohno, H., Hoshina, Y., Hayakawa, Y., and Kameda, T.: Glaciological Data Collected by the 48th–54th Japanese Antarctic Research Expeditions during 2007–2013, JARE Data Rep., 341, Glaciology, 35, 1–44, 2015.",
"Wang et al., 2015; Motoyama et al., 2015","Wang et al., 2015; Motoyama et al., 2015","Wang, Y., Hou, S., Sun, W., Lenaerts, J. T. M., van den Broeke, M. R., and van Wessem, J. M.: Recent surface mass balance from Syowa Station to Dome F, East Antarctica: comparison of field observations, atmospheric reanalyses, and a regional atmospheric climate model, Clim. Dynam., 45, 2885–2899, https://doi.org/10.1007/s00382-015-2512-6, 2015.; Motoyama, H., Furukawa, T., Fujita, S., Shinbori, K., Tanaka, Y., Li, Y., Chung, J.-W., Nakazawa, F., Fukui, K., Enomoto, H., Sugiyama, S., Asano, H., Takeda, Y., Hirabayashi, M., Nishimura, D., Masunaga, T., Kuramoto, T., Kobashi, T., Kusaka, R., Kinase, T., Ikeda, C., Suzuki, T., Ohno, H., Hoshina, Y., Hayakawa, Y., and Kameda, T.: Glaciological Data Collected by the 48th–54th Japanese Antarctic Research Expeditions during 2007–2013, JARE Data Rep., 341, Glaciology, 35, 1–44, 2015.",,
"Wang et al., 2015; Motoyama et al., 2015;This study","Wang et al., 2015, 2021; Motoyama et al., 2015","Wang, Y., Ding, M., Reijmer, C. H., Smeets, P. C. J. P., Hou, S., and Xiao, C.: The AntSMB dataset: a comprehensive compilation of surface mass balance field observations over the Antarctic Ice Sheet, Earth Syst. Sci. Data, 13, 3057–3074, https://doi.org/10.5194/essd-13-3057-2021, 2021.",,
"Wang et al., 2016; Ding et al., 2011","Wang et al., 2016; Ding et al., 2011","Wang, Y., Ding, M., van Wessem, J., Schlosser, E., Altnau, S., van den Broeke, M. R., Lenaerts, J. T. M., Thomas, E. R., Isaksson, E., Wang, J., and Sun, W.: A comparison of Antarctic Ice Sheet surface mass balance from atmospheric climate models and in situ observations, J. Climate., 29, 5317–5337, 2016.","Ding, M., Xiao, C., Li, Y., Ren, J., Hou, S., Jin, B., and Sun, B.: Spatial variability of surface mass balance along a traverse route from Zhongshan station to Dome A, Antarctica, J. Glaciol., 57, 658–666, https://doi.org/10.3189/002214311797409820, 2011.",
"Wang et al., 2016; Ding et al., 2011","Wang et al., 2016; Ding et al., 2011","Wang, Y., Ding, M., van Wessem, J., Schlosser, E., Altnau, S., van den Broeke, M. R., Lenaerts, J. T. M., Thomas, E. R., Isaksson, E., Wang, J., and Sun, W.: A comparison of Antarctic Ice Sheet surface mass balance from atmospheric climate models and in situ observations, J. Climate., 29, 5317–5337, 2016.; Ding, M., Xiao, C., Li, Y., Ren, J., Hou, S., Jin, B., and Sun, B.: Spatial variability of surface mass balance along a traverse route from Zhongshan station to Dome A, Antarctica, J. Glaciol., 57, 658–666, https://doi.org/10.3189/002214311797409820, 2011.",,
"Wang et al., 2016; Ding et al., 2011","Wang et al., 2016; Ding et al., 2011","Wang, Y., Ding, M., van Wessem, J., Schlosser, E., Altnau, S., van den Broeke, M. R., Lenaerts, J. T. M., Thomas, E. R., Isaksson, E., Wang, J., and Sun, W.: A comparison of Antarctic Ice Sheet surface mass balance from atmospheric climate models and in situ observations, J. Climate., 29, 5317–5337, 2016.; Ding, M., Xiao, C., Li, Y., Ren, J., Hou, S., Jin, B., and Sun, B.: Spatial variability of surface mass balance along a traverse route from Zhongshan station to Dome A, Antarctica, J. Glaciol., 57, 658–666, https://doi.org/10.3189/002214311797409820, 2011.",,
This study,"Wang et al., 2021","Wang, Y., Ding, M., Reijmer, C. H., Smeets, P. C. J. P., Hou, S., and Xiao, C.: The AntSMB dataset: a comprehensive compilation of surface mass balance field observations over the Antarctic Ice Sheet, Earth Syst. Sci. Data, 13, 3057–3074, https://doi.org/10.5194/essd-13-3057-2021, 2021.",,
"Wang et al.,2016","Wang et al.,2016","Wang, Y., Ding, M., van Wessem, J. M., Schlosser, E., Altnau, S., van den Broeke, M. R., et al. (2016). A comparison of Antarctic Ice Sheet surface mass balance from atmospheric climate models and in situ observations. Journal of Climate, 29(14), 5317–5337.  https://doi.org/10.1175/JCLI-D-15-0642.1",,
"Wen et al., 2006","Wen et al., 2006","Wen, J., Jezek, K. C., Monaghan, A. J., Sun, B., Ren, J., & Huybrechts, P. (2006). Accumulation variability and mass budgets of the Lambert Glacier-Amery Ice Shelf system, East Antarctica, at high elevations. Annals of Glaciology, 43, 351–360. doi:10.3189/172756406781812249",,
"Winski et al., 2019","Winski et al., 2019","Winski, D. A., Fudge, T. J., Ferris, D. G., Osterberg, E. C., Fegyveresi, J. M., Cole-Dai, J., Thundercloud, Z., Cox, T. S., Kreutz, K. J., Ortman, N., Buizert, C., Epifanio, J., Brook, E. J., Beaudette, R., Severinghaus, J., Sowers, T., Steig, E. J., Kahle, E. C., Jones, T. R., Morris, V., Aydin, M., Nicewonger, M. R., Casey, K. A., Alley, R. B., Waddington, E. D., Iverson, N. A., Dunbar, N. W., Bay, R. C., Souney, J. M., Sigl, M., and McConnell, J. R.: The SP19 chronology for the South Pole Ice Core – Part 1: volcanic matching and annual layer counting, Clim. Past, 15, 1793–1808, https://doi.org/10.5194/cp-15-1793-2019, 2019.",,
"Winski et al., 2019","Winski et al., 2019","Winski, D. A., Fudge, T. J., Ferris, D. G., Osterberg, E. C., Fegyveresi, J. M., Cole-Dai, J., Thundercloud, Z., Cox, T. S., Kreutz, K. J., Ortman, N., Buizert, C., Epifanio, J., Brook, E. J., Beaudette, R., Severinghaus, J., Sowers, T., Steig, E. J., Kahle, E. C., Jones, T. R., Morris, V., Aydin, M., Nicewonger, M. R., Casey, K. A., Alley, R. B., Waddington, E. D., Iverson, N. A., Dunbar, N. W., Bay, R. C., Souney, J. M., Sigl, M., and McConnell, J. R.: The SP19 chronology for the South Pole Ice Core – Part 1: volcanic matching and annual layer counting, Clim. Past, 15, 1793–1808, https://doi.org/10.5194/cp-15-1793-2019, 2019.",,
"Winstrup et al., 2019","Winstrup et al., 2019","Winstrup, W., Vallelonga, V., Kjær, K., Fudge, F.: A 2700-year annual timescale and accumulation history for an ice core from Roosevelt Island, West Antarctica, Climate of the …, https://cp.copernicus.org/articles/15/751/2019/, 2019.",,
"Wolff and Suttie, 1994","Wolff and Suttie, 1994","Wolff, W., Suttie, S.: Antarctic snow record of southern hemisphere lead pollution, Geophysical Research Letters, https://agupubs.onlinelibrary.wiley.com/doi/abs/10.1029/94GL00656, 1994.",,
"Xiao et al., 2004","Xiao et al., 2004","Xiao, C., Allison, I., Ren, J.W., Qin, D. H., Zhang, M. J., and Li, Z. Q.: Meteorological and glaciological evidence for different climatic variations on the east and west side of the Lambert Glacier basin, Antarctica, Ann. Glaciol., 39, 188–194, 2004.",,
"Yokohama, 1975","Yokohama, 1975","Yokoyama, K., Net accumulation by stake rneasurements, in Glaciological Research Pro ram in Mizuho Plateau-west Ender Land, East Antarctica, Part 3, 973- 97 , JARE Data Rep., pp. 62-68, Nat. Inst. of Polar Res., Tokyo, 1975.",,
"Young et al., 1982","Young et al., 1982","Young, N. W., Pourchet, M., Kotlyakov, V. M., Korolev, P. A., & Dyugerov, M. B. (1982). Accumulation Distribution in the IAGP Area, Antarctica: 90°E-150°E. Annals of Glaciology, 3, 333–338. doi:10.3189/S0260305500003025",,
"Young et al., 1982,","Young et al., 1982","Young, N. W., Pourchet, M., Kotlyakov, V. M., Korolev, P. A., & Dyugerov, M. B. (1982). Accumulation Distribution in the IAGP Area, Antarctica: 90°E-150°E. Annals of Glaciology, 3, 333–338. doi:10.3189/S0260305500003025",,
"Young et al., 1982; Vinogradov, 1971","Young et al., 1982; Vinogradovand Lorius, 1971","Young, N. W., Pourchet, M., Kotlyakov, V. M., Korolev, P. A., & Dyugerov, M. B. (1982). Accumulation Distribution in the IAGP Area, Antarctica: 90°E-150°E. Annals of Glaciology, 3, 333–338. doi:10.3189/S0260305500003025","Vinogradov, O. N. and Lorius., C. 1972. Evaluation of the results of snow accumulation measurements along the Mirny observatory–Vostok station profile on the basis of Soviet–French investigations in 1964 and 1969. Sov. Antarct. Exped. Inf. Bull., 8(5), 237–243.",
"Zanolini et al., Ann Glaciol, 7, 70-75","Zanolini et al., 1985","Zanolini F, Delmas RJ, Legrand M. Sulphuric and Nitric Acid Concentrations and Spikes Along A 200 m Deep Ice Core at D 57 (Terre Adélie, Antarctica). Annals of Glaciology. 1985;7:70-75. doi:10.3189/S0260305500005930",,
"Zhang et al., 2002","Zhang et al., 2002","Zhang, M. J., Li, Z. Q., Xiao, C. D., Qin, D. H., Yang, H. A., Kang, J. C., & Li, J. (2002). A continuous 250-year record of volcanic activity from Princess Elizabeth Land, East Antarctica. Antarctic Science, 14(1), 55–60. doi:10.1017/S0954102002000573",,